kind,owner,path,status,content_type,bytes
product,Hotwheels/Display_Racks/5x1_Rack,/products/Hotwheels/Display_Racks/5x1_Rack/hw5x1_printed_1.jpg,200,image/jpeg,124876
product,Retro_Gaming/Snes/Cart_Slide_Out_Drawer,/api/photos/22,200,image/jpeg,291560
product,Vial_Storage/3ml_Cases/Medium_Case_3ml_10x2,/products/Vial_Storage/3ml_Cases/Medium_Case_3ml_10x2/mc_printed_1.jpg,200,image/jpeg,77500
product,Vial_Storage/3ml_Cases/Base_Case,/api/photos/19,200,image/jpeg,119771
product,Vial_Storage/3ml_Cases/Base_Case,/products/Vial_Storage/Multi_Case/Base_Case/printed_1.jpg,200,image/jpeg,98141
product,Vial_Storage/3ml_Cases/Base_Case,/products/Vial_Storage/Multi_Case/Base_Case/printed_3.jpg,200,image/jpeg,90087
product,Vial_Storage/3ml_Cases/The_Secure_Crumpet,/api/photos/24,200,image/jpeg,331342
product,Vial_Storage/3ml_Cases/The_Secure_Crumpet,/api/photos/23,200,image/jpeg,432301
product,Vial_Storage/3ml_Cases/The_Secure_Crumpet,/api/photos/25,200,image/jpeg,475820
product,Vial_Storage/Labeling/Mini_Labeler,/api/photos/8,200,image/jpeg,122144
product,Vial_Storage/Labeling/Label_Helper_Stand,/api/photos/10,200,image/jpeg,185685
product,Vial_Storage/Labeling/Ten_One_Case,/api/photos/20,200,image/jpeg,408436
product,Vial_Storage/Labeling/Bulk_50_Case,/api/photos/21,200,image/jpeg,451231
product,Vial_Storage/Travel_Cases/Travel_Case_1,/products/Vial_Storage/Travel_Cases/Travel_Case_1/tc_printed_1.jpg,200,image/jpeg,54006
product,Vial_Storage/Travel_Cases/Travel_Case_with_Cooling,/api/photos/9,200,image/jpeg,26730
product,Vial_Storage/Misc_Items/Labeled_Vial_Caps,/api/photos/12,200,image/jpeg,299558
product,Vial_Storage/Misc_Items/Labeled_Vial_Caps,/api/photos/11,200,image/jpeg,27098
product,Vial_Storage/Pens/Novopen_4_Spacers,/api/photos/14,200,image/jpeg,95949
product,Vial_Storage/Pens/Novopen_4_Spacers,/api/photos/13,200,image/jpeg,62649
product,Vial_Storage/Pens/Novopen_4_Spacers,/api/photos/15,200,image/jpeg,53480
product,Vial_Storage/Pens/Novopen_4_Spacers,/api/photos/16,200,image/jpeg,57990
product,Vial_Storage/Pens/Pen_Storage_9,/api/photos/18,200,image/jpeg,42276
site,favicon,/favicon.svg,200,image/svg+xml,9522
site,og,/og-default.jpg,200,image/jpeg,85672
asset,main.js,/assets/main-DzrqyEIn.js,200,application/javascript; charset=UTF-8,42208
asset,main.css,/assets/main-DXLfjVxv.css,200,text/css; charset=UTF-8,32480
asset,watermark.js,/assets/Watermark-DMuLfsK7.js,200,application/javascript; charset=UTF-8,194078
asset,admin.js,/assets/admin-DCd4Dwv0.js,200,application/javascript; charset=UTF-8,53732
asset,admin.css,/assets/admin-eZ494oov.css,200,text/css; charset=UTF-8,14038
